SALE TYPE,SOLD DATE,PROPERTY TYPE,ADDRESS,CITY,STATE OR PROVINCE,ZIP OR POSTAL CODE,PRICE,BEDS,BATHS,LOCATION,SQUARE FEET,LOT SIZE,YEAR BUILT,DAYS ON MARKET,$/SQUARE FEET,HOA/MONTH,STATUS,NEXT OPEN HOUSE START TIME,NEXT OPEN HOUSE END TIME,URL (SEE https://www.redfin.com/buy-a-home/comparative-market-analysis FOR INFO ON PRICING),SOURCE,MLS#,FAVORITE,INTERESTED,LATITUDE,LONGITUDE
"In accordance with local MLS rules, some MLS listings are not included in the download"
MLS Listing,,Single Family Residential,42 Celebration Pl,Asheville,NC,28806,451500,3,2.0,Crest Mountain,1348,10454,1968,8,335,,Active,,,https://www.redfin.com/NC/Asheville/42-Celebration-Pl-28804/home/104293740,CANOPYMLS as Distributed by MLS Grid,4227140,N,Y,35.612324,-82.616245
MLS Listing,,Single Family Residential,35 Windsor Rd,Asheville,NC,28804,900000,4,3.0,Lakeview Park,2953,28314,1953,1,305,42,Active,March-16-2025 02:00 PM,March-16-2025 04:00 PM,https://www.redfin.com/NC/Asheville/35-Windsor-Rd-28804/home/110814413,CANOPYMLS as Distributed by MLS Grid,4227474,N,Y,35.6365589,-82.5550932
MLS Listing,,Single Family Residential,72 Jonestown Rd,Woodfin,NC,28804,645000,4,2.5,Woodfin,2288,10018,2020,1,282,,Active,March-9-2025 02:00 PM,March-9-2025 04:00 PM,https://www.redfin.com/NC/Asheville/72-Jonestown-Rd-28804/home/174366874,CANOPYMLS as Distributed by MLS Grid,4229228,N,Y,35.6303916,-82.5886804
MLS Listing,,Multi-Family (2-4 Unit),55 Lookout Dr,Asheville,NC,28804,499900,3,2.0,Larchmont Park,1583,6969,1961,2,316,,Active,,,https://www.redfin.com/NC/Asheville/55-Lookout-Dr-28804/home/111290494,CANOPYMLS as Distributed by MLS Grid,4227833,N,Y,35.6233993,-82.5574827
MLS Listing,,Single Family Residential,36 Wilderness Rd,Asheville,NC,28804,750000,4,3.0,Asheville,2466,43124,1982,2,304,,Active,March-9-2025 01:00 PM,March-9-2025 03:00 PM,https://www.redfin.com/NC/Asheville/36-Wilderness-Rd-28804/home/111296167,CANOPYMLS as Distributed by MLS Grid,4228688,N,Y,35.6700561,-82.5736664
MLS Listing,,Single Family Residential,1 Countryside Ln,Asheville,NC,28804,593000,3,2.5,Countryside Estates,2626,24829,1994,2,226,,Active,,,https://www.redfin.com/NC/Asheville/1-Countryside-Ln-28804/home/110877278,CANOPYMLS as Distributed by MLS Grid,4226116,N,Y,35.6541251,-82.6276952
MLS Listing,,Single Family Residential,10 Woodcrest Rd,Asheville,NC,28804,915000,4,3.0,Grove Park,2138,16117,1955,2,428,,Active,,,https://www.redfin.com/NC/Asheville/10-Woodcrest-Rd-28804/home/111288763,CANOPYMLS as Distributed by MLS Grid,4221990,N,Y,35.6241724,-82.5423475
MLS Listing,,Single Family Residential,34 Grovepoint Way,Asheville,NC,28804,3599999,6,4.0,Grove Park Cove,5191,60983,2018,2,694,67,Active,,,https://www.redfin.com/NC/Asheville/34-Grovepoint-Way-28804/home/110916277,CANOPYMLS as Distributed by MLS Grid,4228655,N,Y,35.6325798,-82.5388721
MLS Listing,,Single Family Residential,16 Josie Ln,Asheville,NC,28804,580000,3,2.5,Village Of Country Creek,2590,21780,1996,3,224,75,Active,,,https://www.redfin.com/NC/Asheville/16-Josie-Ln-28804/home/110937824,CANOPYMLS as Distributed by MLS Grid,4228635,N,Y,35.6860818,-82.5964301
MLS Listing,,Townhouse,7 Creekside Way,Asheville,NC,28804,775000,4,3.0,Creekside,2514,1742,1996,4,308,575,Active,March-9-2025 02:00 PM,March-9-2025 04:00 PM,https://www.redfin.com/NC/Asheville/7-Creekside-Way-28804/home/191085996,CANOPYMLS as Distributed by MLS Grid,4228593,N,Y,35.639055,-82.5458042
MLS Listing,,Vacant Land,000 W Highway 25-70,Newport,TN,37821,700000,,,Newport,,196891,,6,,,Active,,,https://www.redfin.com/TN/Newport/70-US-25-37821/home/117470265,GSMAR,305158,N,Y,35.6399978,-82.5788142
MLS Listing,,Single Family Residential,24 Old Leicester Hwy,Asheville,NC,28804,799900,2,2.0,Asheville,1361,24393,1920,7,588,,Active,March-8-2025 02:00 PM,March-8-2025 04:00 PM,https://www.redfin.com/NC/Asheville/24-Old-Leicester-Hwy-28804/home/111285277,CANOPYMLS as Distributed by MLS Grid,4227055,N,Y,35.628059,-82.6036874
MLS Listing,,Single Family Residential,127 N Griffing Blvd,Asheville,NC,28804,2250000,3,3.5,Kimberly Heights,2953,20473,2017,8,762,,Active,March-8-2025 12:00 PM,March-8-2025 02:00 PM,https://www.redfin.com/NC/Asheville/127-N-Griffing-Blvd-28804/home/111295513,CANOPYMLS as Distributed by MLS Grid,4222595,N,Y,35.6302354,-82.5424612
MLS Listing,,Single Family Residential,42 Pine Acre Blvd,Asheville,NC,28804,1595000,4,3.5,The Midlands,3405,33105,2006,8,468,,Active,,,https://www.redfin.com/NC/Asheville/42-Pine-Acre-Blvd-28804/home/110893302,CANOPYMLS as Distributed by MLS Grid,4223859,N,Y,35.6402289,-82.5682656
MLS Listing,,Single Family Residential,6 Wilderness Cove Rd,Asheville,NC,28804,628000,3,2.5,Woodland Hills,2255,52707,1990,8,278,3,Active,,,https://www.redfin.com/NC/Asheville/6-Wilderness-Cove-Rd-28804/home/102047110,CANOPYMLS as Distributed by MLS Grid,4226345,N,Y,35.6698085,-82.5771876
MLS Listing,,Single Family Residential,33 Northside Dr,Asheville,NC,28804,225000,2,1.5,Northside Estates,728,34412,1986,8,309,,Active,,,https://www.redfin.com/NC/Asheville/33-Northside-Dr-28804/home/111005574,CANOPYMLS as Distributed by MLS Grid,4223764,N,Y,35.6615881,-82.596276
MLS Listing,,Single Family Residential,10 Beaverbrook Ct,Asheville,NC,28804,10000000,5,6.0,Sherwood Heights,7277,4312440,1987,8,1374,,Active,,,https://www.redfin.com/NC/Asheville/10-Beaverbrook-Ct-28804/home/188888753,CANOPYMLS as Distributed by MLS Grid,4227142,N,Y,35.6501909,-82.5569841
MLS Listing,,Single Family Residential,105 Sunny Ridge Dr,Asheville,NC,28804,995000,4,3.5,Sunny Ridge Estates,3084,57934,1992,9,323,,Active,March-8-2025 12:00 AM,March-8-2025 11:59 PM,https://www.redfin.com/NC/Asheville/105-Sunny-Ridge-Dr-28804/home/102046767,CANOPYMLS as Distributed by MLS Grid,4224682,N,Y,35.6522777,-82.5721946
MLS Listing,,Vacant Land,55 Lawterdale Circle #1 None,Asheville,NC,28804,200000,,,Asheville,,27878,,10,,,Active,,,https://www.redfin.com/NC/Asheville/55-Lawterdale-Circle-Number-One-28804/home/111221561,CANOPYMLS as Distributed by MLS Grid,4226267,N,Y,35.6425925,-82.5133439
MLS Listing,,Single Family Residential,354 Kimberly Ave,Asheville,NC,28804,1390000,4,3.5,Grove Park,2370,16117,1937,11,586,,Active,,,https://www.redfin.com/NC/Asheville/354-Kimberly-Ave-28804/home/110892845,CANOPYMLS as Distributed by MLS Grid,4226044,N,Y,35.6246253,-82.5484687
MLS Listing,,Vacant Land,34 Chimney Crest Dr,Asheville,NC,28806,115000,,,Crest Mountain,,17424,,15,,33,Active,,,https://www.redfin.com/NC/Asheville/34-Chimney-Crest-Dr-28806/home/110827642,CANOPYMLS as Distributed by MLS Grid,4224528,N,Y,35.612506,-82.61575
MLS Listing,,Vacant Land,11 Franklin Trace Dr #15,Asheville,NC,28804,347000,,,Town Mountain Preserve,,135036,,15,,233,Active,,,https://www.redfin.com/NC/Asheville/11-Franklin-Trace-Dr-28804/unit-15/home/168637386,CANOPYMLS as Distributed by MLS Grid,4225214,N,Y,35.6307176,-82.5217971
MLS Listing,,Vacant Land,48 Longspur Ln #58,Asheville,NC,28804,249900,,,Town Mountain Preserve,,111949,,15,,233,Active,,,https://www.redfin.com/NC/Asheville/48-Longspur-Ln-28804/unit-58/home/170209362,CANOPYMLS as Distributed by MLS Grid,4224286,N,Y,35.6291588,-82.5241877
MLS Listing,,Single Family Residential,76 Creekside View Dr,Asheville,NC,28804,629900,2,2.0,Pinebrook Farms,1789,2178,2021,15,352,349,Active,,,https://www.redfin.com/NC/Asheville/76-Creekside-View-Dr-28804/home/188885422,CANOPYMLS as Distributed by MLS Grid,4224196,N,Y,35.6931842,-82.5877717
MLS Listing,,Single Family Residential,50 Midland Dr,Asheville,NC,28804,1200000,4,2.0,Lakeview Park,1635,15681,1950,16,734,35,Active,,,https://www.redfin.com/NC/Asheville/50-Midland-Dr-28804/home/102046908,CANOPYMLS as Distributed by MLS Grid,4223405,N,Y,35.6366619,-82.5588233
MLS Listing,,Single Family Residential,22 Innsbrook Rd,Asheville,NC,28804,3500000,4,5.5,Grove Park,4711,18295,2019,16,743,,Active,,,https://www.redfin.com/NC/Asheville/22-Innsbrook-Rd-28804/home/169927860,CANOPYMLS as Distributed by MLS Grid,4215149,N,Y,35.6250108,-82.5405917
MLS Listing,,Single Family Residential,7 Brookcliff Dr,Asheville,NC,28804,475000,3,2.0,Beaverbrook,1213,11325,1970,16,392,,Active,,,https://www.redfin.com/NC/Asheville/7-Brookcliff-Dr-28804/home/110925288,CANOPYMLS as Distributed by MLS Grid,4224301,N,Y,35.6434815,-82.5303991
MLS Listing,,Single Family Residential,5 Meadow Ridge Dr,Asheville,NC,28804,925000,3,4.0,Mountain Meadows,3616,81892,1984,16,256,50,Active,,,https://www.redfin.com/NC/Asheville/5-Meadow-Ridge-Dr-28804/home/111048916,CANOPYMLS as Distributed by MLS Grid,4224351,N,Y,35.6302286,-82.5064074
MLS Listing,,Single Family Residential,79 Greenwood Fields Dr,Asheville,NC,28804,599000,5,3.0,Greenwood Fields,2591,5662,2022,19,231,30,Active,,,https://www.redfin.com/NC/Asheville/79-Greenwood-Fields-Dr-28804/home/169927618,CANOPYMLS as Distributed by MLS Grid,4220069,N,Y,35.6660471,-82.5992293
MLS Listing,,Single Family Residential,115 Elk Mountain Rd Lot 1,Asheville,NC,28804,825000,2,2.5,Asheville,3444,8668,1948,20,240,,Active,,,https://www.redfin.com/NC/Woodfin/115-Elk-Mountain-Rd-28804/unit-1/home/194754180,CANOPYMLS as Distributed by MLS Grid,4219629,N,Y,35.6335637,-82.5849632
MLS Listing,,Single Family Residential,12 Washington Ave,Asheville,NC,28804,617970,5,2.0,Woodfin Park,2310,9583,1931,21,268,,Active,,,https://www.redfin.com/NC/Asheville/12-Washington-Ave-28804/home/111258831,CANOPYMLS as Distributed by MLS Grid,4222823,N,Y,35.633593,-82.5818684
MLS Listing,,Vacant Land,33 Bent Branch Ln,Asheville,NC,28804,149500,,,Ventana,,45738,,21,,208,Active,,,https://www.redfin.com/NC/Asheville/33-Bent-Branch-Ln-28804/home/111339295,CANOPYMLS as Distributed by MLS Grid,4221449,N,Y,35.6569362,-82.5601924
MLS Listing,,Single Family Residential,13 Crestfield Ave Lot 1,Woodfin,NC,28804,699000,4,3.5,Woodfin,2330,13068,2025,22,300,,Active,,,https://www.redfin.com/NC/Asheville/13-Crestfield-Ave-28804/unit-1/home/194722994,CANOPYMLS as Distributed by MLS Grid,4222543,N,Y,35.6291768,-82.5880952
MLS Listing,,Single Family Residential,45 Wild Cherry Rd,Asheville,NC,28804,1350000,4,3.5,Beaverdam,3478,25700,1952,22,388,,Active,March-8-2025 02:00 PM,March-8-2025 04:00 PM,https://www.redfin.com/NC/Asheville/45-Wild-Cherry-Rd-28804/home/111290300,CANOPYMLS as Distributed by MLS Grid,4221888,N,Y,35.6437784,-82.541897
MLS Listing,,Condo/Co-op,516 Windswept Dr,Asheville,NC,28801,325000,2,2.0,Windswept Views,1063,,1985,23,306,320,Active,,,https://www.redfin.com/NC/Asheville/516-Windswept-Dr-28801/home/194637804,CANOPYMLS as Distributed by MLS Grid,4220340,N,Y,35.611223,-82.57671
MLS Listing,,Single Family Residential,27 Jarnaul Ave,Asheville,NC,28804,799000,3,2.0,Mountview Gardens,1490,28749,1965,23,536,,Active,,,https://www.redfin.com/NC/Asheville/27-Jarnaul-Ave-28804/home/102037199,CANOPYMLS as Distributed by MLS Grid,4210342,N,Y,35.6324444,-82.5742647
MLS Listing,,Single Family Residential,20 & 22 Garden Rd,Asheville,NC,28804,689000,2,2.0,Asheville,1820,11761,2021,24,379,,Active,,,https://www.redfin.com/NC/Woodfin/20-Garden-Rd-28804/home/192357263,CANOPYMLS as Distributed by MLS Grid,4219910,N,Y,35.6207911,-82.5726593
MLS Listing,,Single Family Residential,9 Snyder Dr,Asheville,NC,28804,315000,3,1.0,Asheville,992,6098,1974,25,318,,Active,,,https://www.redfin.com/NC/Asheville/9-Snyder-Dr-28804/home/111069554,CANOPYMLS as Distributed by MLS Grid,4220371,N,Y,35.6337986,-82.5821808
MLS Listing,,Single Family Residential,25 Nelon Rd,Asheville,NC,28804,519000,2,2.0,Asheville,1130,32670,2022,28,459,,Active,,,https://www.redfin.com/NC/Asheville/25-Nelon-Rd-28804/home/180331557,CANOPYMLS as Distributed by MLS Grid,4220351,N,Y,35.621696,-82.604971
MLS Listing,,Vacant Land,57 Timber Moss Dr,Asheville,NC,28804,140000,,,Rock Springs,,46609,,28,,33,Active,,,https://www.redfin.com/NC/Asheville/57-Timber-Moss-Dr-28804/home/102051648,CANOPYMLS as Distributed by MLS Grid,4220452,N,Y,35.618378,-82.609717
MLS Listing,,Vacant Land,99999 Serenity Ridge Trl #35,Asheville,NC,28804,395000,,,Serenity,,91911,,30,,177,Active,,,https://www.redfin.com/NC/Asheville/99999-Serenity-Ridge-TRL-28804/unit-35/home/194608865,CANOPYMLS as Distributed by MLS Grid,4219636,N,Y,35.663116,-82.567518
MLS Listing,,Single Family Residential,28 Woodland Aster Way,Asheville,NC,28804,1500000,3,3.0,Town Mountain Preserve,2082,57499,2016,31,720,233,Active,,,https://www.redfin.com/NC/Asheville/28-Woodland-Aster-Way-28804/home/110824466,CANOPYMLS as Distributed by MLS Grid,4212425,N,Y,35.6317256,-82.5238507
MLS Listing,,Single Family Residential,65 Naples Rd,Asheville,NC,28804,325000,2,1.0,Laurel Terrace,922,21954,1930,33,352,,Active,,,https://www.redfin.com/NC/Asheville/65-Naples-Rd-28804/home/111272416,CANOPYMLS as Distributed by MLS Grid,4204631,N,Y,35.6547446,-82.5769295
MLS Listing,,Vacant Land,74 Longspur Ln,Asheville,NC,28804,395000,,,Town Mountain Preserve,,152895,,35,,233,Active,,,https://www.redfin.com/NC/Asheville/74-Longspur-Ln-28804/home/110824330,CANOPYMLS as Distributed by MLS Grid,4211889,N,Y,35.630821,-82.526052
MLS Listing,,Single Family Residential,18 Beagle Run,Asheville,NC,28804,394000,3,2.0,Asheville,1456,33105,2008,35,271,,Active,,,https://www.redfin.com/NC/Asheville/18-Beagle-Run-28804/home/110989034,CANOPYMLS as Distributed by MLS Grid,4214616,N,Y,35.6377471,-82.6059125
MLS Listing,,Vacant Land,498-506 Merrimon Ave,Asheville,NC,28804,885240,,,Asheville,,13503,,38,,,Active,,,https://www.redfin.com/NC/Asheville/498-Merrimon-Ave-28804/home/179878315,CANOPYMLS as Distributed by MLS Grid,4217545,N,Y,35.6158387,-82.5549706
MLS Listing,,Single Family Residential,43 W Garden Rd,Asheville,NC,28804,520000,4,3.5,Asheville,1840,7840,2025,38,283,,Active,,,https://www.redfin.com/NC/Asheville/43-W-Garden-Rd-28804/home/179703031,CANOPYMLS as Distributed by MLS Grid,4217392,N,Y,35.621804,-82.573244
MLS Listing,,Condo/Co-op,185 Macon Ave Unit B10,Asheville,NC,28804,1300000,2,2.0,Longchamps Condos,2284,,1925,39,569,1081,Active,,,https://www.redfin.com/NC/Asheville/185-Macon-Ave-28804/unit-B10/home/111292486,CANOPYMLS as Distributed by MLS Grid,4216168,N,Y,35.6172768,-82.5401593
MLS Listing,,Condo/Co-op,185 Macon Ave Unit B9,Asheville,NC,28804,620000,1,1.0,Longchamps Condos,917,,1925,42,676,434,Active,,,https://www.redfin.com/NC/Asheville/185-Macon-Ave-28804/unit-B9/home/111087190,CANOPYMLS as Distributed by MLS Grid,4216173,N,Y,35.6172768,-82.5401593
MLS Listing,,Condo/Co-op,10 Clubside Dr,Asheville,NC,28804,698000,2,2.5,Beaverdam Run,2173,,1989,43,321,1050,Active,,,https://www.redfin.com/NC/Asheville/10-Clubside-Dr-28804/home/190633105,CANOPYMLS as Distributed by MLS Grid,4214274,N,Y,35.6448327,-82.5202326
MLS Listing,,Single Family Residential,993 Old Marshall Hwy,Asheville,NC,28804,395000,2,2.5,Hark Knoll,1175,34412,2003,46,336,,Active,,,https://www.redfin.com/NC/Asheville/993-Old-Marshall-Hwy-28804/home/111285473,CANOPYMLS as Distributed by MLS Grid,4215158,N,Y,35.6738389,-82.608779
MLS Listing,,Townhouse,56 Walnut Springs Dr,Asheville,NC,28804,460000,3,2.5,The Springs of North Asheville,1651,2178,2023,50,279,82,Active,,,https://www.redfin.com/NC/Asheville/56-Walnut-Springs-Dr-28804/home/187842143,CANOPYMLS as Distributed by MLS Grid,4214211,N,Y,35.6668116,-82.5892613
MLS Listing,,Single Family Residential,108 Springbrook Rd,Asheville,NC,28804,445000,3,2.0,Springbrook Woods,1429,7405,2001,50,311,,Active,,,https://www.redfin.com/NC/Asheville/108-Springbrook-Rd-28804/home/111266528,CANOPYMLS as Distributed by MLS Grid,4201355,N,Y,35.6313403,-82.5877446
MLS Listing,,Single Family Residential,80 Fairway Rd,Asheville,NC,28804,925000,4,3.0,Lakeview Park,2320,25700,1951,50,399,42,Active,,,https://www.redfin.com/NC/Asheville/80-Fairway-Rd-28804/home/102051007,CANOPYMLS as Distributed by MLS Grid,4213797,N,Y,35.6357096,-82.5535613
MLS Listing,,Vacant Land,7 Kiftsgate Ct #15,Asheville,NC,28804,454900,,,Thoms Estate,,57063,,52,,148,Active,,,https://www.redfin.com/NC/Asheville/7-Kiftsgate-Ct-28804/unit-15/home/194238052,CANOPYMLS as Distributed by MLS Grid,4212715,N,Y,35.642888,-82.542137
MLS Listing,,Single Family Residential,273 Murdock Ave,Asheville,NC,28804,985000,5,3.0,Norwood Park,2179,6098,1925,52,452,,Active,,,https://www.redfin.com/NC/Asheville/273-Murdock-Ave-28804/home/111201710,CANOPYMLS as Distributed by MLS Grid,4210574,N,Y,35.6151386,-82.5537805
MLS Listing,,Single Family Residential,123 Westwood Rd,Asheville,NC,28804,1175000,3,4.0,Lakeview Park,2572,19602,1933,56,457,45,Active,,,https://www.redfin.com/NC/Asheville/123-Westwood-Rd-28804/home/108943497,CANOPYMLS as Distributed by MLS Grid,4211386,N,Y,35.6335748,-82.569871
MLS Listing,,Vacant Land,49 Ben Lippen School Rd Unit 2/PH1A,Asheville,NC,28806,118000,,,Crest Mountain,,26397,,60,,33,Active,,,https://www.redfin.com/NC/Asheville/49-Ben-Lippen-School-Rd-28806/unit-2-PH1A/home/194120195,CANOPYMLS as Distributed by MLS Grid,4210359,N,Y,35.6087897,-82.6160844
MLS Listing,,Single Family Residential,12 Irving St,Asheville,NC,28804,549000,2,1.5,Asheville,1176,6098,1925,61,467,,Active,,,https://www.redfin.com/NC/Asheville/12-Irving-St-28804/home/111202029,CANOPYMLS as Distributed by MLS Grid,4209177,N,Y,35.6288961,-82.5510995
MLS Listing,,Townhouse,143 Cherry Springs Ln Unit 13-C,Asheville,NC,28804,445000,3,2.5,The Springs of North Asheville,1640,1742,2025,61,271,82,Active,,,https://www.redfin.com/NC/Asheville/143-Cherry-Springs-Ln-28804/unit-13-C/home/194117957,CANOPYMLS as Distributed by MLS Grid,4211007,N,Y,35.667094,-82.5897169
MLS Listing,,Condo/Co-op,647 Town Mountain Rd #209,Asheville,NC,28804,275000,2,1.0,Sunset Ridge,956,,1965,63,288,340,Active,,,https://www.redfin.com/NC/Asheville/647-Town-Mountain-Rd-28804/unit-209/home/111011221,CANOPYMLS as Distributed by MLS Grid,4206293,N,Y,35.6137217,-82.5335914
MLS Listing,,Single Family Residential,11 Pine Acre Blvd,Asheville,NC,28804,899000,3,1.5,Lakeview Park,1875,16117,1950,63,479,33,Active,,,https://www.redfin.com/NC/Asheville/11-Pine-Acre-Blvd-28804/home/111087375,CANOPYMLS as Distributed by MLS Grid,4208889,N,Y,35.6374056,-82.5672516
MLS Listing,,Condo/Co-op,401 Timber Dr,Asheville,NC,28804,745000,4,3.5,Timbers Condominiums,2803,,1987,64,266,885,Active,,,https://www.redfin.com/NC/Asheville/401-Timber-Dr-28804/home/193469156,CANOPYMLS as Distributed by MLS Grid,4210317,N,Y,35.637194,-82.5436521
MLS Listing,,Vacant Land,377 Elk Mountain Scenic Hwy,Asheville,NC,28804,195000,,,Asheville,,42688,,67,,,Active,,,https://www.redfin.com/NC/Asheville/377-Elk-Mountain-Scenic-Hwy-28804/home/110999859,CANOPYMLS as Distributed by MLS Grid,4209341,N,Y,35.6508849,-82.5449903
MLS Listing,,Single Family Residential,1059 Riverside Dr #23,Asheville,NC,28804,650000,3,3.5,Asheville,1821,7405,2020,77,357,171,Active,,,https://www.redfin.com/NC/Asheville/1059-Riverside-Dr-28804/unit-23/home/193993666,CANOPYMLS as Distributed by MLS Grid,4208646,N,Y,35.6269727,-82.5835616
MLS Listing,,Vacant Land,99999 Waxwing Way #17,Asheville,NC,28804,99000,,,Versant,,73180,,78,,167,Active,,,https://www.redfin.com/NC/Asheville/99999-Versant-Dr-28804/unit-17/home/145308192,CANOPYMLS as Distributed by MLS Grid,4208252,N,Y,35.6640531,-82.5644275
MLS Listing,,Condo/Co-op,"185 Macon Ave Unit B10,B9",Asheville,NC,28804,1850000,3,3.0,Grove Park,3370,,1925,79,549,1515,Active,,,https://www.redfin.com/NC/Asheville/185-Macon-Ave-28804/unit-B10-B9/home/194457413,CANOPYMLS as Distributed by MLS Grid,4207727,N,Y,35.6172768,-82.5401593
MLS Listing,,Single Family Residential,191 Murdock Ave,Asheville,NC,28804,1995000,4,4.5,Asheville,4300,12632,1928,80,464,,Active,,,https://www.redfin.com/NC/Asheville/191-Murdock-Ave-28804/home/110867989,CANOPYMLS as Distributed by MLS Grid,4207169,N,Y,35.612823,-82.5515309
MLS Listing,,Vacant Land,99999 Whispering Breeze Knl,Asheville,NC,28804,585000,,,Baird Cove,,202554,,80,,8,Active,,,https://www.redfin.com/NC/Asheville/99999-Whispering-Breeze-Knl-28804/home/169927649,CANOPYMLS as Distributed by MLS Grid,4207607,N,Y,35.665532,-82.57661
MLS Listing,,Townhouse,608 Storybook Villas Trl,Asheville,NC,28804,1150000,3,3.5,Asheville,1852,1742,2025,84,621,,Active,,,https://www.redfin.com/NC/Woodfin/608-Storybook-Villas-TRL-28804/home/193904573,CANOPYMLS as Distributed by MLS Grid,4206082,N,Y,35.6433571,-82.57409785
MLS Listing,,Townhouse,611 Storybook Villas Trl,Asheville,NC,28804,1450000,3,4.0,Asheville,2146,1306,2025,84,676,,Active,,,https://www.redfin.com/NC/Woodfin/611-Storybook-Villas-TRL-28804/home/193904572,CANOPYMLS as Distributed by MLS Grid,4205997,N,Y,35.64320561,-82.57391271
MLS Listing,,Townhouse,192 Cherry Springs Ln Unit 1-F,Asheville,NC,28804,499900,4,3.5,The Springs of North Asheville,2132,3049,2024,90,234,82,Active,March-7-2025 11:00 AM,March-7-2025 05:00 PM,https://www.redfin.com/NC/Asheville/192-Cherry-Springs-Ln-28804/unit-1-F/home/190918477,CANOPYMLS as Distributed by MLS Grid,4205832,N,Y,35.668781,-82.589071
MLS Listing,,Townhouse,190 Cherry Springs Ln Unit 1-E,Asheville,NC,28804,419900,3,3.5,The Springs of North Asheville,1821,3049,2024,90,231,82,Active,March-7-2025 11:00 AM,March-7-2025 05:00 PM,https://www.redfin.com/NC/Asheville/190-Cherry-Springs-Ln-28804/unit-1-E/home/190920085,CANOPYMLS as Distributed by MLS Grid,4205817,N,Y,35.668704,-82.589091
MLS Listing,,Townhouse,79 Walnut Springs Ln Unit 22-C,Asheville,NC,28804,379900,2,3.5,The Springs of North Asheville,1726,1306,2024,90,220,82,Active,March-7-2025 11:00 AM,March-7-2025 05:00 PM,https://www.redfin.com/NC/Asheville/79-Walnut-Springs-Dr-28804/unit-22-C/home/193635039,CANOPYMLS as Distributed by MLS Grid,4205811,N,Y,35.66767,-82.588827
MLS Listing,,Townhouse,71 Walnut Springs Ln Unit 21-C,Asheville,NC,28804,379900,2,3.5,The Springs of North Asheville,1726,1306,2024,90,220,82,Active,March-7-2025 11:00 AM,March-7-2025 05:00 PM,https://www.redfin.com/NC/Asheville/71-Walnut-Springs-Dr-28804/unit-21-C/home/193635045,CANOPYMLS as Distributed by MLS Grid,4204861,N,Y,35.667361,-82.588823
MLS Listing,,Townhouse,73 Walnut Springs Dr Unit 21-d,Asheville,NC,28804,449900,3,2.5,The Springs of North Asheville,2036,2178,2024,90,221,82,Active,March-7-2025 11:00 AM,March-7-2025 05:00 PM,https://www.redfin.com/NC/Asheville/73-Walnut-Springs-Dr-28804/unit-21-D/home/192177010,CANOPYMLS as Distributed by MLS Grid,4204864,N,Y,35.66744,-82.588804
MLS Listing,,Single Family Residential,4 Baird Ln,Asheville,NC,28804,635000,4,2.0,Lakeview Park,1722,10454,1952,95,369,26,Active,,,https://www.redfin.com/NC/Asheville/4-Baird-Ln-28804/home/111286792,CANOPYMLS as Distributed by MLS Grid,4204513,N,Y,35.6320322,-82.5675896
MLS Listing,,Single Family Residential,89 Flynn Branch Rd,Asheville,NC,28804,649000,1,1.0,Asheville,766,274428,2021,98,847,,Active,,,https://www.redfin.com/NC/Asheville/89-Flynn-Branch-Rd-28804/home/110888249,CANOPYMLS as Distributed by MLS Grid,4198196,N,Y,35.638296,-82.6051392
MLS Listing,,Single Family Residential,51 Robinhood Rd,Asheville,NC,28804,3750000,5,4.5,Sherwood Heights,6399,49658,2009,100,586,,Active,,,https://www.redfin.com/NC/Asheville/51-Robinhood-Rd-28804/home/110910721,CANOPYMLS as Distributed by MLS Grid,4203746,N,Y,35.6510714,-82.5545394
MLS Listing,,Single Family Residential,213 New Stock Rd,Asheville,NC,28804,525000,3,2.5,Asheville,1636,8276,2024,105,321,,Active,,,https://www.redfin.com/NC/Asheville/213-Newstock-Rd-28804/home/111063881,CANOPYMLS as Distributed by MLS Grid,4202759,N,Y,35.681748,-82.5891373
MLS Listing,,Vacant Land,55 Skycliff Dr #15,Asheville,NC,28804,390000,,,Wildcat Cliffs,,57499,,109,,229,Active,,,https://www.redfin.com/NC/Asheville/55-Skycliff-Dr-28804/unit-15/home/135017646,CANOPYMLS as Distributed by MLS Grid,4200186,N,Y,35.627236,-82.515556
MLS Listing,,Condo/Co-op,4 Chimney Crest Dr Unit J,Asheville,NC,28806,939000,3,3.5,Cirrus Condominiums,2662,,2007,112,353,622,Active,,,https://www.redfin.com/NC/Asheville/4-Chimney-Crest-Dr-28806/unit-J/home/111240892,CANOPYMLS as Distributed by MLS Grid,4197789,N,Y,35.6109158,-82.6151727
MLS Listing,,Single Family Residential,52 Mulberry St,Asheville,NC,28804,395000,3,2.5,Asheville,1245,7405,1920,112,317,,Active,,,https://www.redfin.com/NC/Asheville/52-Mulberry-St-28804/home/102353776,CANOPYMLS as Distributed by MLS Grid,4199862,N,Y,35.6264313,-82.5779146
MLS Listing,,Vacant Land,55 Bartrams Walk Dr #7,Asheville,NC,28804,299000,,,Town Mountain Preserve,,171190,,118,,225,Active,,,https://www.redfin.com/NC/Asheville/55-Bartrams-Walk-Dr-28804/unit-7/home/181423631,CANOPYMLS as Distributed by MLS Grid,4197833,N,Y,35.6273115,-82.5238943
MLS Listing,,Townhouse,57 Walnut Springs Dr Unit 19D,Asheville,NC,28804,435000,3,2.5,The Springs Of North Asheville,2009,2178,2023,120,217,82,Active,,,https://www.redfin.com/NC/Asheville/57-Walnut-Springs-Dr-28804/unit-19-D/home/188135338,CANOPYMLS as Distributed by MLS Grid,4197382,N,Y,35.6668088,-82.5889328
MLS Listing,,Single Family Residential,127 Northbend Dr,Asheville,NC,28804,550000,4,3.5,Riverside Woodfin,2062,10890,2023,123,267,80,Active,,,https://www.redfin.com/NC/Asheville/127-Northbend-Dr-28804/home/187842011,CANOPYMLS as Distributed by MLS Grid,4195948,N,Y,35.6298377,-82.5985269
MLS Listing,,Single Family Residential,139 Northbend Dr,Asheville,NC,28804,529000,4,3.5,Riverside Woodfin,1842,10890,2023,123,287,80,Active,,,https://www.redfin.com/NC/Asheville/139-Northbend-Dr-28804/home/187842017,CANOPYMLS as Distributed by MLS Grid,4195604,N,Y,35.6298266,-82.5979485
MLS Listing,,Single Family Residential,150 Northbend Dr,Asheville,NC,28804,539000,4,3.5,Riverside Woodfin,1842,15681,2023,123,293,80,Active,,,https://www.redfin.com/NC/Asheville/150-Northbend-Dr-28804/home/187842024,CANOPYMLS as Distributed by MLS Grid,4195585,N,Y,35.630076,-82.597313
MLS Listing,,Single Family Residential,136 Northbend Dr,Asheville,NC,28804,430000,3,2.5,Riverside Woodfin,1200,10890,2023,123,358,80,Active,,,https://www.redfin.com/NC/Asheville/136-Northbend-Dr-28804/home/187842018,CANOPYMLS as Distributed by MLS Grid,4195615,N,Y,35.6301416,-82.5979832
MLS Listing,,Single Family Residential,49 Hillcreek Dr,Asheville,NC,28804,1020000,3,3.0,Country Creek,4249,21780,2017,125,240,75,Active,,,https://www.redfin.com/NC/Asheville/49-Hillcreek-Dr-28804/home/111247739,CANOPYMLS as Distributed by MLS Grid,4196560,N,Y,35.6848181,-82.5963976
MLS Listing,,Vacant Land,13 Bassett Rd,Asheville,NC,28804,165000,,,Asheville,,14374,,126,,,Active,,,https://www.redfin.com/NC/Unknown/13-Bassett-Rd-Unknown/home/193225310,CANOPYMLS as Distributed by MLS Grid,4196616,N,Y,35.637611,-82.531595
MLS Listing,,Single Family Residential,147 Northbend Dr,Asheville,NC,28804,539000,4,3.5,Riverside Woodfin,1933,10890,2023,126,279,80,Active,,,https://www.redfin.com/NC/Asheville/147-Northbend-Dr-28804/home/187842019,CANOPYMLS as Distributed by MLS Grid,4196690,N,Y,35.629728,-82.597628
MLS Listing,,Single Family Residential,131 Northbend Dr,Asheville,NC,28804,539000,4,3.5,Riverside Woodfin,1933,10890,2023,126,279,80,Active,,,https://www.redfin.com/NC/Asheville/131-Northbend-Dr-28804/home/187842010,CANOPYMLS as Distributed by MLS Grid,4196699,N,Y,35.6298954,-82.5982523
MLS Listing,,Single Family Residential,115 Northbend Dr,Asheville,NC,28804,550000,4,3.5,Riverside Woodfin,2190,10890,2023,126,251,80,Active,,,https://www.redfin.com/NC/Asheville/115-Northbend-Dr-28804/home/187842008,CANOPYMLS as Distributed by MLS Grid,4196714,N,Y,35.62963,-82.598609
MLS Listing,,Single Family Residential,104 Northbend Dr,Asheville,NC,28804,450000,3,3.0,Riverside Woodfin,1423,10890,2023,126,316,80,Active,March-7-2025 10:00 AM,March-7-2025 04:00 PM,https://www.redfin.com/NC/Asheville/104-Northbend-Dr-28804/home/187842001,CANOPYMLS as Distributed by MLS Grid,4196721,N,Y,35.6295527,-82.5994654
MLS Listing,,Single Family Residential,5 Hillcrest Rd E,Asheville,NC,28804,998000,4,3.0,Asheville,3029,24829,1963,134,329,,Active,,,https://www.redfin.com/NC/Asheville/5-E-Hillcrest-Rd-28804/home/102039215,CANOPYMLS as Distributed by MLS Grid,4180029,N,Y,35.6454783,-82.5568438
MLS Listing,,Vacant Land,21 Villa Nova Dr #4,Asheville,NC,28804,185000,,,Ventana,,44431,,136,,208,Active,,,https://www.redfin.com/NC/Asheville/21-Villa-Nova-Dr-28804/unit-4/home/188657567,CANOPYMLS as Distributed by MLS Grid,4193472,N,Y,35.659384,-82.557789
MLS Listing,,Single Family Residential,34 Walnut Ln,Asheville,NC,28804,420000,3,2.5,Asheville,1365,11325,2018,137,308,,Active,,,https://www.redfin.com/NC/Asheville/34-Walnut-Ln-28804/home/146200393,CANOPYMLS as Distributed by MLS Grid,4186489,N,Y,35.6262443,-82.5774849
MLS Listing,,Vacant Land,99999 Robinhood Rd,Asheville,NC,28804,629000,,,Sherwood Heights,,299257,,140,,,Active,,,https://www.redfin.com/NC/Asheville/99999-Robinhood-Rd-28804/home/110928198,CANOPYMLS as Distributed by MLS Grid,4183888,N,Y,35.658159,-82.556881
MLS Listing,,Single Family Residential,427 Weaverville Rd,Asheville,NC,28804,385000,2,1.0,Pine Burr Park,1008,85813,1961,140,382,,Active,,,https://www.redfin.com/NC/Asheville/427-Weaverville-Rd-28804/home/110882764,CANOPYMLS as Distributed by MLS Grid,4192228,N,Y,35.666494,-82.5831514
MLS Listing,,Single Family Residential,219 Old Toll Rd,Asheville,NC,28804,1850000,3,2.5,Sunset Mountain,2794,27007,1967,163,662,,Active,,,https://www.redfin.com/NC/Asheville/219-Old-Toll-Rd-28804/home/111190204,CANOPYMLS as Distributed by MLS Grid,4186795,N,Y,35.6168251,-82.5372202
MLS Listing,,Vacant Land,59 Sweet Fern Pkwy #46,Asheville,NC,28804,206000,,,Olivette,,43995,,164,,204,Active,,,https://www.redfin.com/NC/Asheville/59-Sweet-Fern-Pkwy-28804/unit-46/home/144861836,CANOPYMLS as Distributed by MLS Grid,4184491,N,Y,35.6537239,-82.613128
MLS Listing,,Single Family Residential,15 Ginell Cir,Asheville,NC,28804,749000,4,3.0,Mountview Gardens,2642,13939,1964,165,283,,Active,,,https://www.redfin.com/NC/Asheville/15-Ginell-Cir-28804/home/110872375,CANOPYMLS as Distributed by MLS Grid,4152996,N,Y,35.6326502,-82.5751627
MLS Listing,,Vacant Land,197 Starling Pass,Asheville,NC,28804,80000,,,Versant,,101930,,175,,167,Active,,,https://www.redfin.com/NC/Asheville/197-Starling-Pass-28804/home/111268342,CANOPYMLS as Distributed by MLS Grid,4183071,N,Y,35.6620739,-82.559823
MLS Listing,,Single Family Residential,19 Brookcliff Dr,Asheville,NC,28804,624900,3,3.0,Beaverbrook,1870,26571,1972,178,334,,Active,,,https://www.redfin.com/NC/Asheville/19-Brookcliff-Dr-28804/home/110893334,CANOPYMLS as Distributed by MLS Grid,4174450,N,Y,35.6442944,-82.5292537
MLS Listing,,Vacant Land,63 Rice Branch Rd,Asheville,NC,28804,335000,,,Asheville,,242193,,189,,,Active,,,https://www.redfin.com/NC/Asheville/63-Rice-Mdws-28804/home/111241189,CANOPYMLS as Distributed by MLS Grid,4178485,N,Y,35.6842737,-82.5975167
MLS Listing,,Condo/Co-op,288 Macon Ave #101,Asheville,NC,28804,1800000,2,2.0,The Fitzgerald Condominium,1969,,2008,190,914,1050,Active,,,https://www.redfin.com/NC/Asheville/288-Macon-Ave-28804/unit-101/home/192109559,CANOPYMLS as Distributed by MLS Grid,4172932,N,Y,35.6186078,-82.5415518
MLS Listing,,Vacant Land,46 Elk Mountain Rdg,Asheville,NC,28804,149900,,,Sherwood Heights,,39639,,190,,,Active,,,https://www.redfin.com/NC/Asheville/46-Elk-Mountain-Rdg-28804/home/192291321,CANOPYMLS as Distributed by MLS Grid,4177923,N,Y,35.6499174,-82.5468479
MLS Listing,,Vacant Land,61 Rice Branch Rd,Asheville,NC,28804,234000,,,Asheville,,40510,,190,,,Active,,,https://www.redfin.com/NC/Asheville/61-Rice-Branch-Rd-28804/home/192288783,CANOPYMLS as Distributed by MLS Grid,4178263,N,Y,35.6392245,-82.5199789
MLS Listing,,Condo/Co-op,2902 Timber Trl,Asheville,NC,28804,995000,3,2.5,The Timbers,4150,,1989,196,240,835,Active,,,https://www.redfin.com/NC/Asheville/2902-Timber-Trl-28804/home/111186185,CANOPYMLS as Distributed by MLS Grid,4176254,N,Y,35.634022,-82.542974
MLS Listing,,Vacant Land,999 Falconwood Ln #25,Asheville,NC,28804,295000,,,Wildcat Cliffs,,97574,,198,,167,Active,,,https://www.redfin.com/NC/Woodfin/999-Falconwood-LN-28804/unit-25/home/160938274,CANOPYMLS as Distributed by MLS Grid,4174748,N,Y,35.625539,-82.516134
MLS Listing,,Single Family Residential,234 Skycliff Dr,Asheville,NC,28804,14900000,4,5.0,Wildcat Cliffs,12830,87294,2002,199,1161,229,Active,,,https://www.redfin.com/NC/Asheville/234-Skycliff-Dr-28804/home/110942553,CANOPYMLS as Distributed by MLS Grid,4171460,N,Y,35.6258183,-82.5131198
MLS Listing,,Vacant Land,999 Falconwood Ln Unit 20 and 21,Asheville,NC,28804,400000,,,Wildcat Cliffs,,111513,,199,,333,Active,,,https://www.redfin.com/NC/Woodfin/999-Falconwood-LN-28804/unit-20-and-21/home/181492562,CANOPYMLS as Distributed by MLS Grid,4174205,N,Y,35.625539,-82.516134
MLS Listing,,Townhouse,406 Kessler Pl,Asheville,NC,28804,1015000,3,2.5,The Terrace at Reynolds Mountain,2700,871,2021,200,376,400,Active,,,https://www.redfin.com/NC/Asheville/406-Kessler-Pl-28804/home/192134542,CANOPYMLS as Distributed by MLS Grid,4172297,N,Y,35.6432241,-82.5732573
MLS Listing,,Single Family Residential,29 Spanish Oak Dr,Asheville,NC,28804,1600000,6,6.5,Spanish Oaks,4324,40946,2010,203,370,,Active,,,https://www.redfin.com/NC/Asheville/29-Spanish-Oaks-28804/home/110941851,CANOPYMLS as Distributed by MLS Grid,4165167,N,Y,35.68322,-82.60756
MLS Listing,,Single Family Residential,58 Greenwood Fields Dr,Asheville,NC,28804,460000,3,2.5,Greenwood Fields,1550,6098,2019,203,297,30,Active,,,https://www.redfin.com/NC/Asheville/58-Greenwood-Fields-Dr-28804/home/169927572,CANOPYMLS as Distributed by MLS Grid,4172034,N,Y,35.6651723,-82.6002815
MLS Listing,,Single Family Residential,179 Serenity Ridge Trl,Asheville,NC,28804,1999950,3,4.0,Serenity,4218,30927,2020,214,474,177,Active,,,https://www.redfin.com/NC/Asheville/179-Serenity-Ridge-Trl-28804/home/161411357,CANOPYMLS as Distributed by MLS Grid,4157494,N,Y,35.665748,-82.57501
MLS Listing,,Vacant Land,31 Forest Spring Dr Unit 14A,Asheville,NC,28804,106000,,,Rock Springs,,56192,,220,,33,Active,,,https://www.redfin.com/NC/Asheville/31-Forest-Spring-Dr-28804/unit-14A/home/144715650,CANOPYMLS as Distributed by MLS Grid,4165101,N,Y,35.620148,-82.608844
MLS Listing,,Vacant Land,243 Starling Pass,Asheville,NC,28804,120000,,,Asheville,,57934,,225,,167,Active,,,https://www.redfin.com/NC/Asheville/243-Starling-Pass-28804/home/111244627,CANOPYMLS as Distributed by MLS Grid,4165011,N,Y,35.660631,-82.556893
MLS Listing,,Vacant Land,404 Blue Mind Way #76,Asheville,NC,28804,175000,,,Olivette,,11761,,228,,204,Active,,,https://www.redfin.com/NC/Woodfin/404-Blue-Mind-WAY-28804/unit-76/home/178341154,CANOPYMLS as Distributed by MLS Grid,4157727,N,Y,35.655914,-82.618661
MLS Listing,,Vacant Land,29 Grovepoint Way #9,Asheville,NC,28804,299900,,,Grove Park Cove,,49222,,234,,85,Active,,,https://www.redfin.com/NC/Asheville/29-Grovepoint-Way-28804/unit-9/home/102055305,CANOPYMLS as Distributed by MLS Grid,4161176,N,Y,35.632681,-82.538161
MLS Listing,,Single Family Residential,104 Maney Ave,Asheville,NC,28804,750000,4,3.0,Asheville,2205,6534,1955,248,340,,Active,March-30-2025 01:00 PM,March-30-2025 04:00 PM,https://www.redfin.com/NC/Asheville/104-Maney-Ave-28804/home/111202228,CANOPYMLS as Distributed by MLS Grid,4155681,N,Y,35.6211548,-82.558949
MLS Listing,,Townhouse,163 Collin Pl #20,Asheville,NC,28804,519530,3,2.5,Villas at Pinecroft,1474,,2025,253,352,,Active,,,https://www.redfin.com/NC/Woodfin/163-Collin-PL-28804/unit-20/home/191422688,CANOPYMLS as Distributed by MLS Grid,4155654,N,Y,35.64470615,-82.52697371
MLS Listing,,Vacant Land,99999 Flynn Branch Rd #2,Asheville,NC,28804,55000,,,Asheville,,29620,,255,,,Active,,,https://www.redfin.com/NC/Asheville/99999-Flynn-Branch-Rd-28804/unit-2/home/191322178,CANOPYMLS as Distributed by MLS Grid,4154517,N,Y,35.6385856,-82.6061194
MLS Listing,,Vacant Land,31 Sweet Fern Pkwy,Asheville,NC,28804,155000,,,Olivette,,38332,,255,,204,Active,,,https://www.redfin.com/NC/Asheville/31-Sweet-Fern-Pkwy-28804/home/111342850,CANOPYMLS as Distributed by MLS Grid,4143872,N,Y,35.6541154,-82.6123124
MLS Listing,,Townhouse,167 Collin Pl #21,Asheville,NC,28804,554680,3,2.5,Villas at Pinecroft,1474,,2024,269,376,,Active,,,https://www.redfin.com/NC/Woodfin/167-Collin-PL-28804/unit-21/home/191102538,CANOPYMLS as Distributed by MLS Grid,4149968,N,Y,35.64500743,-82.52743608
MLS Listing,,Townhouse,153 Collin Pl #16,Asheville,NC,28804,499900,3,2.5,Villas at Pinecroft,1446,,2025,269,346,,Active,,,https://www.redfin.com/NC/Woodfin/153-Collin-PL-28804/unit-16/home/191102537,CANOPYMLS as Distributed by MLS Grid,4149899,N,Y,35.64489714,-82.52746461
MLS Listing,,Single Family Residential,598 Old Toll Rd,Asheville,NC,28804,1940000,5,5.5,Sunset Mountain,5978,22651,2007,270,325,,Active,,,https://www.redfin.com/NC/Asheville/598-Old-Toll-Rd-28804/home/102186796,CANOPYMLS as Distributed by MLS Grid,4127377,N,Y,35.62286,-82.5392757
MLS Listing,,Single Family Residential,99999 Country Club Rd Unit 44B,Asheville,NC,28804,1200000,4,3.0,Kimberly Heights,2743,9583,2026,270,437,,Active,,,https://www.redfin.com/NC/Asheville/99999-Country-Club-Rd-28804/unit-44B/home/194384399,CANOPYMLS as Distributed by MLS Grid,4149458,N,Y,35.627501,-82.546993
MLS Listing,,Single Family Residential,641 Elk Mountain Scenic Hwy,Asheville,NC,28804,3195000,3,2.5,Elk View,3945,132858,2024,273,810,,Active,,,https://www.redfin.com/NC/Asheville/641-Elk-Mountain-Scenic-Hwy-28804/home/187842642,CANOPYMLS as Distributed by MLS Grid,4149026,N,Y,35.6588494,-82.5283211
MLS Listing,,Single Family Residential,631 Elk Mountain Scenic Hwy,Asheville,NC,28804,3295000,3,3.5,Elk View,4169,213008,2024,273,790,,Active,,,https://www.redfin.com/NC/Asheville/631-Elk-Mountain-Scenic-Hwy-28804/home/187842641,CANOPYMLS as Distributed by MLS Grid,4145572,N,Y,35.6590198,-82.5292034
MLS Listing,,Vacant Land,20 Timberwolf Ct,Asheville,NC,28804,699000,,,Reynolds Mountain,,95832,,291,,142,Active,,,https://www.redfin.com/NC/Asheville/20-Timber-Wolf-Ct-28804/home/110803389,CANOPYMLS as Distributed by MLS Grid,4141058,N,Y,35.6515498,-82.561849
MLS Listing,,Single Family Residential,32 Timberwolf Ct,Asheville,NC,28804,3950000,5,5.5,Reynolds Mountain,4546,152895,2015,292,869,142,Active,,,https://www.redfin.com/NC/Asheville/32-Timber-Wolf-Ct-28804/home/161411454,CANOPYMLS as Distributed by MLS Grid,4141057,N,Y,35.6515491,-82.5615478
MLS Listing,,Vacant Land,35 Olivette Crossing Pkwy #72,Asheville,NC,28804,165000,,,Olivette,,13939,,297,,204,Active,,,https://www.redfin.com/NC/Asheville/35-Olivette-Crossing-Pkwy-28804/unit-72/home/177422011,CANOPYMLS as Distributed by MLS Grid,4129788,N,Y,35.655956,-82.618009
MLS Listing,,Vacant Land,15 Waxwing Way #15,Asheville,NC,28804,59900,,,Versant,,61419,,301,,208,Active,,,https://www.redfin.com/NC/Woodfin/15-Waxwing-Way-28804/unit-15/home/190741831,CANOPYMLS as Distributed by MLS Grid,4138467,N,Y,35.6617074,-82.5636061
MLS Listing,,Vacant Land,175 Senator Reynolds Rd #23,Asheville,NC,28804,195000,,,Reynolds Mountain,,84506,,303,,142,Active,,,https://www.redfin.com/NC/Asheville/175-Senator-Reynolds-Rd-28804/unit-23/home/160721184,CANOPYMLS as Distributed by MLS Grid,4137865,N,Y,35.646545,-82.567403
MLS Listing,,Single Family Residential,735 Macedonia Rd,Asheville,NC,28804,1995000,3,5.0,Asheville,3869,351529,1995,318,516,,Active,,,https://www.redfin.com/NC/Asheville/735-Macedonia-Rd-28804/home/110944979,CANOPYMLS as Distributed by MLS Grid,4098577,N,Y,35.6500449,-82.6263335
MLS Listing,,Single Family Residential,14 Chantilly Dr,Asheville,NC,28804,1495000,3,2.5,Thoms Estate,3774,8712,2014,319,396,299,Active,,,https://www.redfin.com/NC/Asheville/14-Chantilly-Dr-28804/home/111211498,CANOPYMLS as Distributed by MLS Grid,4124528,N,Y,35.6419407,-82.5479641
MLS Listing,,Vacant Land,16 Waxwing Way #16,Asheville,NC,28804,124900,,,Versant,,57499,,320,,167,Active,,,https://www.redfin.com/NC/Asheville/16-Waxwing-Way-28804/unit-16/home/190561267,CANOPYMLS as Distributed by MLS Grid,4131492,N,Y,35.661244,-82.563756
MLS Listing,,Vacant Land,00 Canoe Ln,Asheville,NC,28804,345000,,,Canoe Landing,,84811,,326,,,Active,,,https://www.redfin.com/NC/Asheville/Canoe-Ln-28804/home/110910677,CANOPYMLS as Distributed by MLS Grid,4129049,N,Y,35.667434,-82.605744
MLS Listing,,Vacant Land,28 Wind Stone Dr,Asheville,NC,28804,120000,,,Rock Springs,,39639,,330,,33,Active,,,https://www.redfin.com/NC/Asheville/28-Wind-Stone-Dr-28804/home/102052038,CANOPYMLS as Distributed by MLS Grid,4127552,N,Y,35.620261,-82.605354
MLS Listing,,Vacant Land,32 Grovepoint Way,Asheville,NC,28804,385000,,,Grove Park Cove,,87120,,345,,67,Active,,,https://www.redfin.com/NC/Asheville/32-Grovepoint-Way-28804/home/111027766,CANOPYMLS as Distributed by MLS Grid,4122404,N,Y,35.6334738,-82.5392186
MLS Listing,,Vacant Land,12 Grovepoint Way,Asheville,NC,28804,310000,,,Grove Park Cove,,75358,,345,,67,Active,,,https://www.redfin.com/NC/Asheville/12-Grovepoint-Way-28804/home/111120327,CANOPYMLS as Distributed by MLS Grid,4122402,N,Y,35.6321391,-82.539103
MLS Listing,,Vacant Land,406 Blue Mind Way #75,Asheville,NC,28804,199500,,,Olivette,,18730,,353,,204,Active,,,https://www.redfin.com/NC/Woodfin/406-Blue-Mind-WAY-28804/unit-75/home/178341126,CANOPYMLS as Distributed by MLS Grid,4116501,N,Y,35.656206,-82.61876
MLS Listing,,Single Family Residential,77 Creekside View Dr,Asheville,NC,28804,975000,4,3.0,Pinebrook Farms,3180,6534,2023,388,307,163,Active,,,https://www.redfin.com/NC/Asheville/77-Creekside-View-Dr-28804/home/189726099,CANOPYMLS as Distributed by MLS Grid,4109113,N,Y,35.6934786,-82.5876502
MLS Listing,,Vacant Land,27 Bent Branch Ln #10,Asheville,NC,28804,85000,,,Ventana,,48787,,393,,208,Active,,,https://www.redfin.com/NC/Asheville/27-Bent-Branch-Ln-28804/unit-10/home/170978416,CANOPYMLS as Distributed by MLS Grid,4105858,N,Y,35.657345,-82.559768
MLS Listing,,Vacant Land,99999 Skyland Cir,Asheville,NC,28804,260000,,,Asheville,,45258,,423,,,Active,,,https://www.redfin.com/NC/Asheville/99999-Skyland-Cir-28804/home/110892706,CANOPYMLS as Distributed by MLS Grid,4098749,N,Y,35.634558,-82.586235
MLS Listing,,Vacant Land,TBD Webb Cove Rd,Asheville,NC,28804,850000,,,Asheville,,1306800,,462,,,Active,,,https://www.redfin.com/NC/Asheville/TBD-Webb-Cove-Rd-28804/home/188799765,CANOPYMLS as Distributed by MLS Grid,4088560,N,Y,35.64653081,-82.50253817
MLS Listing,,Vacant Land,63 Starling Pass #88,Asheville,NC,28804,85000,,,Versant,,67953,,505,,167,Active,,,https://www.redfin.com/NC/Asheville/63-Starling-Pass-28804/unit-88/home/145051733,CANOPYMLS as Distributed by MLS Grid,4079750,N,Y,35.659718,-82.5631779
MLS Listing,,Vacant Land,7 Bent Branch Ln #7,Asheville,NC,28804,53900,,,Ventana,,48787,,540,,208,Active,,,https://www.redfin.com/NC/Asheville/7-Bent-Branch-Ln-28804/unit-7/home/170974674,CANOPYMLS as Distributed by MLS Grid,4069654,N,Y,35.658335,-82.558632
MLS Listing,,Vacant Land,78 Woodland Aster Way #69,Asheville,NC,28804,209900,,,Town Mountain Preserve,,99316,,547,,217,Active,,,https://www.redfin.com/NC/Asheville/78-Woodland-Aster-Way-28804/unit-69/home/170209327,CANOPYMLS as Distributed by MLS Grid,4067385,N,Y,35.6328255,-82.5240282
MLS Listing,,Single Family Residential,48 Creekside View Dr,Asheville,NC,28804,659000,3,3.0,Pinebrook Farms,2126,9583,2023,607,310,163,Active,,,https://www.redfin.com/NC/Asheville/48-Creekside-View-Dr-28804/home/111027804,CANOPYMLS as Distributed by MLS Grid,4046496,N,Y,35.6916786,-82.5882792
MLS Listing,,Vacant Land,209 Senator Reynolds Rd,Asheville,NC,28804,150000,,,Reynolds Mountain,,82328,,625,,121,Active,,,https://www.redfin.com/NC/Asheville/209-Senator-Reynolds-Rd-28804/home/110903448,CANOPYMLS as Distributed by MLS Grid,4038409,N,Y,35.6482079,-82.565256
MLS Listing,,Vacant Land,99999 W City View Dr,Asheville,NC,28804,1450000,,,Asheville,,506167,,683,,,Active,,,https://www.redfin.com/NC/Asheville/99999-W-City-View-Dr-28804/home/185211364,CANOPYMLS as Distributed by MLS Grid,4023393,N,Y,35.627579,-82.598631
MLS Listing,,Vacant Land,99999 Leisure Mountain Rd #4,Asheville,NC,28804,205000,,,Serenity,,43560,,734,,158,Active,,,https://www.redfin.com/NC/Asheville/99999-Leisure-Mountain-Rd-28804/unit-4/home/172679640,CANOPYMLS as Distributed by MLS Grid,4003274,N,Y,35.671923,-82.5797175
MLS Listing,,Vacant Land,187 Starling Pass None #102,Asheville,NC,28804,40000,,,Versant,,60548,,854,,167,Active,,,https://www.redfin.com/NC/Asheville/187-Starling-Pass-28804/unit-102/home/113895479,CANOPYMLS as Distributed by MLS Grid,3920714,N,Y,35.662566,-82.560308
MLS Listing,,Vacant Land,36 Cary Ln,Asheville,NC,28804,225000,,,Peach Knob Meadows,,102801,,910,,71,Active,,,https://www.redfin.com/NC/Asheville/36-Cary-Ln-28804/home/102055106,CANOPYMLS as Distributed by MLS Grid,3903302,N,Y,35.639475,-82.4948302
MLS Listing,,Vacant Land,0000 Elk Mountain Scenic Hwy,Asheville,NC,28804,950000,,,Asheville,,1083772,,1045,,,Active,,,https://www.redfin.com/NC/Asheville/0-Elk-Mountain-Scenic-Hwy-28804/home/183579574,CANOPYMLS as Distributed by MLS Grid,3848698,N,Y,35.6370486,-82.5476937
MLS Listing,,Vacant Land,8 English Hills Dr,Asheville,NC,28804,359000,,,Barebridge Hills,,43560,,1076,,,Active,,,https://www.redfin.com/NC/Asheville/8-English-Hills-Dr-28804/home/110912875,CANOPYMLS as Distributed by MLS Grid,3838888,N,Y,35.657725,-82.583985
MLS Listing,,Vacant Land,99999 Black Oak Dr,Asheville,NC,28804,125000,,,The Forest,,45738,,1357,,42,Active,,,https://www.redfin.com/NC/Asheville/99999-Black-Oak-Dr-28804/home/110896455,CANOPYMLS as Distributed by MLS Grid,3752498,N,Y,35.64864,-82.52959
New Construction Home,,Single Family Residential,823 Adelston Ln,Asheville,NC,28804,510490,3,2.5,Asheville,2175,,2025,28,235,,Active,,,https://www.redfin.com/NC/Asheville/823-Adelston-Ln-28804/home/194644748,Zillow,03C095D2DF78,N,Y,35.6902941,-82.5870931
New Construction Home,,Single Family Residential,846 Adelston Ln,Asheville,NC,28804,475990,3,2.5,Asheville,2175,,2025,28,219,,Active,,,https://www.redfin.com/NC/Asheville/846-Adelston-Ln-28804/home/194644746,Zillow,5F7F0F621690,N,Y,35.6893463,-82.5868581
New Construction Home,,Single Family Residential,815 Adelston Ln,Asheville,NC,28804,476990,4,2.5,Asheville,1991,,2025,28,240,,Active,,,https://www.redfin.com/NC/Asheville/815-Adelston-Ln-28804/home/194644743,Zillow,B8F0D58A790E,N,Y,35.6905468,-82.5868615
New Construction Home,,Single Family Residential,827 Adelston Ln,Asheville,NC,28804,573290,4,2.5,Asheville,1991,,2025,28,288,,Active,,,https://www.redfin.com/NC/Asheville/827-Adelston-Ln-28804/home/194644738,Zillow,6E6F5E12CA82,N,Y,35.690137,-82.5871106
New Construction Home,,Single Family Residential,831 Adelston Ln,Asheville,NC,28804,555890,3,2.5,Asheville,2175,,2025,28,256,,Active,,,https://www.redfin.com/NC/Asheville/831-Adelston-Ln-28804/home/194644737,Zillow,FE54ECB2438B,N,Y,35.6899829,-82.5871131
New Construction Home,,Single Family Residential,838 Adelston Ln,Asheville,NC,28804,466490,3,2.0,Asheville,1618,,2025,28,288,,Active,,,https://www.redfin.com/NC/Asheville/838-Adelston-Ln-28804/home/194476351,Zillow,8EB91495C0ED,N,Y,35.6896473,-82.5867011
New Construction Home,,Single Family Residential,580 Country Oak Dr,Asheville,NC,28804,591740,5,3.0,Asheville,2511,,2025,28,236,,Active,,,https://www.redfin.com/NC/Asheville/580-Country-Oak-Dr-28804/home/193905234,Zillow,8076789F2E24,N,Y,35.6896541,-82.5860952
New Construction Home,,Single Family Residential,830 Adelston Ln,Asheville,NC,28804,475990,3,2.5,Asheville,2175,,2025,28,219,,Active,,,https://www.redfin.com/NC/Unknown/830-Adelston-Ln-28804/home/194138625,Zillow,AD1D390A3A1E,N,Y,35.69000244140625,-82.58663177490234
New Construction Home,,Single Family Residential,600 Country Oak Dr,Asheville,NC,28804,494890,4,2.5,Asheville,1991,,2025,28,249,,Active,,,https://www.redfin.com/NC/Asheville/600-Country-Oak-Dr-28804/home/193807037,Zillow,810BA2E130EF,N,Y,35.6843895,-82.5841287
New Construction Home,,Single Family Residential,560 Country Oak Dr,Asheville,NC,28804,469500,4,2.5,Asheville,1991,,2024,133,236,,Active,,,https://www.redfin.com/NC/Asheville/560-Country-Oak-Dr-28804/home/190556195,Zillow,F628C830EAFE,N,Y,35.6843895,-82.5841287
New Construction Home,,Single Family Residential,584 Country Oak Dr,Asheville,NC,28804,583790,3,2.5,Asheville,2175,,2024,206,268,,Active,,,https://www.redfin.com/NC/Asheville/584-Country-Oak-Dr-28804/home/192046850,Zillow,E150FA8C3A3B,N,Y,35.6898067,-82.5861052
New Construction Home,,Single Family Residential,576 Country Oak Dr,Asheville,NC,28804,559290,4,2.5,Asheville,1991,,2024,206,281,,Active,,,https://www.redfin.com/NC/Asheville/576-Country-Oak-Dr-28804/home/191852319,Zillow,1A5CD12258EB,N,Y,35.6895156,-82.5860794
New Construction Home,,Single Family Residential,568 Country Oak Dr,Asheville,NC,28804,549290,4,2.5,Asheville,1991,,2024,241,276,,Active,,,https://www.redfin.com/NC/Asheville/568-Country-Oak-Dr-28804/home/190890861,Zillow,6B825450D7DC,N,Y,35.6843895,-82.5841287
New Construction Home,,Single Family Residential,564 Country Oak Dr,Asheville,NC,28804,559790,3,2.5,Asheville,2175,,2024,251,257,,Active,,,https://www.redfin.com/NC/Asheville/564-Country-Oak-Dr-28804/home/191537162,Zillow,B3DC5982ADE0,N,Y,35.6890709,-82.5861253
New Construction Plan,,Single Family Residential,Fairfield A Plan,Asheville,NC,28804,321419,3,2.0,Asheville,1743,,,25,184,,Active,,,https://www.redfin.com/NC/Asheville/Asheville/Fairfield-A/home/192147964,Zillow,AD78E25FD749,N,Y,35.670677185058594,-82.58415985107422
New Construction Plan,,Single Family Residential,Pleasantview II A Plan,Asheville,NC,28804,324310,3,2.0,Asheville,1906,,,165,170,,Active,,,https://www.redfin.com/NC/Asheville/Asheville/Pleasantview-II-A/home/192148081,Zillow,793E29D24794,N,Y,35.670677185058594,-82.58415985107422
New Construction Plan,,Single Family Residential,Pleasantview A Plan,Asheville,NC,28804,289442,3,2.0,Asheville,1667,,,200,174,,Active,,,https://www.redfin.com/NC/Asheville/Asheville/Pleasantview-A/home/192148065,Zillow,4C5A1C9F2C35,N,Y,35.670677185058594,-82.58415985107422
New Construction Plan,,Single Family Residential,Hickory Ridge I A Plan,Asheville,NC,28804,399166,3,2.5,Asheville,2109,,,200,189,,Active,,,https://www.redfin.com/NC/Asheville/Asheville/Hickory-Ridge-I-A/home/192148062,Zillow,5E7D5F3BBFA5,N,Y,35.670677185058594,-82.58415985107422
New Construction Plan,,Single Family Residential,Timberhill A Plan,Asheville,NC,28804,273567,3,2.5,Asheville,1711,,,200,160,,Active,,,https://www.redfin.com/NC/Asheville/Asheville/Timberhill-A/home/192147911,Zillow,BD4D043FFB55,N,Y,35.670677185058594,-82.58415985107422
New Construction Plan,,Single Family Residential,Blue Ridge Modern Farmhouse Plan,Asheville,NC,28804,350307,3,3.0,Asheville,2057,,,200,170,,Active,,,https://www.redfin.com/NC/Asheville/Asheville/Blue-Ridge-Modern-Farmhouse/home/192147897,Zillow,73F3306356FF,N,Y,35.670677185058594,-82.58415985107422
New Construction Plan,,Single Family Residential,Berglund Modern Farmhouse Plan,Asheville,NC,28804,420552,3,2.0,Asheville,2196,,,200,192,,Active,,,https://www.redfin.com/NC/Asheville/Asheville/Berglund-Modern-Farmhouse/home/192147870,Zillow,A947282CCFDE,N,Y,35.670677185058594,-82.58415985107422
New Construction Plan,,Single Family Residential,Oxford Modern Farmhouse Plan,Asheville,NC,28804,376581,3,2.0,Asheville,2110,,,200,178,,Active,,,https://www.redfin.com/NC/Asheville/Asheville/Oxford-Modern-Farmhouse/home/192147850,Zillow,B7F07B15060D,N,Y,35.670677185058594,-82.58415985107422
New Construction Plan,,Single Family Residential,Southfork Modern Farmhouse Plan,Asheville,NC,28804,388442,3,2.0,Asheville,2193,,,200,177,,Active,,,https://www.redfin.com/NC/Asheville/Asheville/Southfork-Modern-Farmhouse/home/192147805,Zillow,6F15E78B5DEC,N,Y,35.670677185058594,-82.58415985107422
New Construction Plan,,Single Family Residential,Ashley A Plan,Asheville,NC,28804,259467,3,2.0,Asheville,1525,,,200,170,,Active,,,https://www.redfin.com/NC/Asheville/Asheville/Ashley-A/home/192147791,Zillow,72B13346D4D3,N,Y,35.670677185058594,-82.58415985107422
New Construction Plan,,Single Family Residential,Wilmington Plan,Asheville,NC,28804,493990,4,2.5,Asheville,2820,,,300,175,,Active,,,https://www.redfin.com/NC/Asheville/Asheville/Wilmington/home/189720555,Zillow,BF660C077C4E,N,Y,35.68495178222656,-82.58429718017578
New Construction Plan,,Single Family Residential,Penwell Plan,Asheville,NC,28804,467990,3,2.5,Asheville,2175,,,300,215,,Active,,,https://www.redfin.com/NC/Asheville/Asheville/Penwell/home/189720539,Zillow,38225CBC83EA,N,Y,35.68495178222656,-82.58429718017578
New Construction Plan,,Single Family Residential,Hayden Plan,Asheville,NC,28804,485990,5,3.0,Asheville,2511,,,300,194,,Active,,,https://www.redfin.com/NC/Asheville/Asheville/Hayden/home/189720551,Zillow,EB698A320CA4,N,Y,35.68495178222656,-82.58429718017578
New Construction Plan,,Single Family Residential,Aria Plan,Asheville,NC,28804,454990,3,2.0,Asheville,1618,,,300,281,,Active,,,https://www.redfin.com/NC/Asheville/Asheville/Aria/home/189720521,Zillow,4E1ECA8FC101,N,Y,35.68495178222656,-82.58429718017578
New Construction Plan,,Single Family Residential,Galen Plan,Asheville,NC,28804,475990,3,2.5,Asheville,2340,,,300,203,,Active,,,https://www.redfin.com/NC/Asheville/Asheville/Galen/home/189720556,Zillow,B3ECF220D837,N,Y,35.68495178222656,-82.58429718017578
New Construction Plan,,Single Family Residential,Belhaven Plan,Asheville,NC,28804,463990,4,2.5,Asheville,1991,,,300,233,,Active,,,https://www.redfin.com/NC/Asheville/Asheville/Belhaven/home/189720517,Zillow,C6D366AC9EDB,N,Y,35.68495178222656,-82.58429718017578
New Construction Plan,,Single Family Residential,Winston Plan,Asheville,NC,28804,487990,4,2.5,Asheville,2565,,,300,190,,Active,,,https://www.redfin.com/NC/Asheville/Asheville/Winston/home/189720543,Zillow,DAE8700C83FA,N,Y,35.68495178222656,-82.58429718017578
New Construction Plan,,Single Family Residential,Macon Plan,Asheville,NC,28804,436990,3,2.0,Asheville,1343,,,300,325,,Active,,,https://www.redfin.com/NC/Asheville/Asheville/Macon/home/189720515,Zillow,E7007FA9A58A,N,Y,35.68495178222656,-82.58429718017578
New Construction Plan,,Single Family Residential,Cali Plan,Asheville,NC,28804,459990,4,2.0,Asheville,1764,,,300,261,,Active,,,https://www.redfin.com/NC/Asheville/Asheville/Cali/home/189720545,Zillow,473ABB2C1FE7,N,Y,35.68495178222656,-82.58429718017578
